<?xml version="1.0"?>
<items>
  <its:rules xmlns:its="http://www.w3.org/2005/11/its" version="1.0">
    <its:translateRule selector="//item/@name" translate="yes"/>
    <its:translateRule selector="//item/@description" translate="yes"/>
    <its:translateRule selector="//item/@effect" translate="yes"/>
    <its:translateRule selector="//*" translate="no"/>
  </its:rules>
  <item id="2051" image="equipment/chest/cottonshirt.png|W:#255511,579932,4aaf36,4ed65e" name="Green Cotton Shirt" description="A green shirt made of 100% cotton." mattack="-4" type="equip-torso" defense="2" weight="20">
    <sprite gender="unisex">equipment/chest/cotton.xml|#255511,579932,4aaf36,4ed65e</sprite>
    <sprite gender="female">equipment/chest/cotton-female.xml|#255511,579932,4aaf36,4ed65e</sprite>
    <replace sprite="race">
      <item from="-100" to="-99100"/>
      <item from="-101" to="-99101"/>
      <item from="-102" to="-99102"/>
      <item from="-103" to="-99103"/>
      <item from="-104" to="-99104"/>
      <item from="-105" to="-99105"/>
    </replace>
  </item>
</items>
