<?xml version="1.0"?>
<items>
  <its:rules xmlns:its="http://www.w3.org/2005/11/its" version="1.0">
    <its:translateRule selector="//item/@name" translate="yes"/>
    <its:translateRule selector="//item/@description" translate="yes"/>
    <its:translateRule selector="//item/@effect" translate="yes"/>
    <its:translateRule selector="//*" translate="no"/>
  </its:rules>
  <item id="760" image="equipment/head/overlord-helm.png" name="Overlord's Helmet" description="Worn by the greatest warriors." type="equip-head" defense="20" weight="45">
    <sprite gender="unisex">equipment/head/overlordhelm.xml</sprite>
    <sprite gender="female">equipment/head/overlordhelm-female.xml</sprite>
  </item>
</items>
