<?xml version="1.0"?>
<items>
  <its:rules xmlns:its="http://www.w3.org/2005/11/its" version="1.0">
    <its:translateRule selector="//item/@name" translate="yes"/>
    <its:translateRule selector="//item/@description" translate="yes"/>
    <its:translateRule selector="//item/@effect" translate="yes"/>
    <its:translateRule selector="//*" translate="no"/>
  </its:rules>
  <item id="5201" image="equipment/head/pipe.png" name="Smoking Pipe" description="" criticalattack="20" type="equip-head" defense="2" dex="1" luk="1" weight="20" sellProtected="true">
    <sprite gender="unisex">equipment/head/pipe.xml</sprite>
  </item>
</items>
