<?xml version="1.0"?>
<items>
  <its:rules xmlns:its="http://www.w3.org/2005/11/its" version="1.0">
    <its:translateRule selector="//item/@name" translate="yes"/>
    <its:translateRule selector="//item/@description" translate="yes"/>
    <its:translateRule selector="//item/@effect" translate="yes"/>
    <its:translateRule selector="//*" translate="no"/>
  </its:rules>
  <item id="4031" image="equipment/head/monocle.png" name="Monocle" description="A handy perception tool, even when not at the opera." criticalattack="20" type="equip-head" defense="2" dex="1" luk="1" weight="20" sellProtected="true">
    <sprite gender="unisex">equipment/head/monocle.xml</sprite>
    <sprite gender="female">equipment/head/monocle-female.xml</sprite>
  </item>
</items>
